ApproverID,ApproverName,ApproverRole
APR001,Approver 1,Director
APR002,Approver 2,Manager
APR003,Approver 3,Manager
APR004,Approver 4,Director
APR005,Approver 5,Head of Dept
APR006,Approver 6,Manager
APR007,Approver 7,Director
APR008,Approver 8,Manager
APR009,Approver 9,Manager
APR010,Approver 10,Director
APR011,Approver 11,Head of Dept
APR012,Approver 12,Director
APR013,Approver 13,Manager
APR014,Approver 14,Head of Dept
APR015,Approver 15,Director
APR016,Approver 16,Director
APR017,Approver 17,Head of Dept
APR018,Approver 18,Manager
